<ImportExportXml xmlns:xsi="http://www.w3.org/2001/XMLSchema-instance">
  <Entities>
    <Entity>
      <Name LocalizedName="Appointment" OriginalName="">Appointment</Name>
      <SavedQueries>
        <savedqueries>
          <savedquery>
            <IsCustomizable>1</IsCustomizable>
            <CanBeDeleted>1</CanBeDeleted>
            <isquickfindquery>0</isquickfindquery>
            <isprivate>0</isprivate>
            <isdefault>0</isdefault>
            <savedqueryid>{cd77881e-b454-ea11-a812-000d3a579c97}</savedqueryid>
            <layoutxml>
              <grid name="resultset" jump="subject" select="1" preview="1" icon="1">
                <row name="result" id="activityid">
                  <cell name="subject" width="250" />
                  <cell name="regardingobjectid" width="100" />
                  <cell name="location" width="100" />
                  <cell name="prioritycode" width="100" />
                  <cell name="instancetypecode" width="100" ishidden="1" />
                </row>
              </grid>
            </layoutxml>
            <querytype>0</querytype>
            <fetchxml>
              <fetch version="1.0" output-format="xml-platform" mapping="logical" distinct="false">
                <entity name="appointment">
                  <attribute name="subject" />
                  <attribute name="regardingobjectid" />
                  <attribute name="prioritycode" />
                  <attribute name="instancetypecode" />
                  <attribute name="location" />
                  <order attribute="subject" descending="false" />
                  <filter type="and">
                    <condition attribute="statecode" operator="in">
                      <value>0</value>
                      <value>3</value>
                    </condition>
                    <condition attribute="regardingobjectid" operator="eq" uiname="Betty Welch" uitype="contact" value="{AA972147-F66C-E911-A994-000D3A180B20}" />
                  </filter>
                  <attribute name="activityid" />
                </entity>
              </fetch>
            </fetchxml>
            <IntroducedVersion>1.0</IntroducedVersion>
            <LocalizedNames>
              <LocalizedName description="Bettys Appointments" languagecode="1033" />
            </LocalizedNames>
            <Descriptions>
              <Description description="Displays Appointments the current user owns." languagecode="1033" />
            </Descriptions>
          </savedquery>
        </savedqueries>
      </SavedQueries>
      <RibbonDiffXml>
        <CustomActions />
        <Templates>
          <RibbonTemplates Id="Mscrm.Templates"></RibbonTemplates>
        </Templates>
        <CommandDefinitions />
        <RuleDefinitions>
          <TabDisplayRules />
          <DisplayRules />
          <EnableRules />
        </RuleDefinitions>
        <LocLabels />
      </RibbonDiffXml>
    </Entity>
    <Entity>
      <Name LocalizedName="Financial Product" OriginalName="Financial Product">msfsi_financialproduct</Name>
      <SavedQueries>
        <savedqueries>
          <savedquery>
            <IsCustomizable>1</IsCustomizable>
            <CanBeDeleted>1</CanBeDeleted>
            <isquickfindquery>0</isquickfindquery>
            <isprivate>0</isprivate>
            <isdefault>0</isdefault>
            <savedqueryid>{6016351a-d13e-ea11-a812-000d3a579c97}</savedqueryid>
            <layoutxml>
              <grid name="resultset" jump="msfsi_number" select="1" icon="1" preview="1">
                <row name="result" id="msfsi_financialproductid">
                  <cell name="msfsi_number" width="150" />
                  <cell name="msfsi_availablebalance" width="100" />
                  <cell name="msfsi_initialdeposit" width="100" />
                </row>
              </grid>
            </layoutxml>
            <querytype>0</querytype>
            <fetchxml>
              <fetch version="1.0" output-format="xml-platform" mapping="logical">
    <entity name="msfsi_financialproduct">
        <attribute name="msfsi_number" />
        <attribute name="msfsi_financialproductid" />
        <order attribute="msfsi_number" descending="false" />
        <attribute name="msfsi_availablebalance" />
        <attribute name="msfsi_initialdeposit" />
        <filter type="and">
            <condition attribute="msfsi_customerid" operator="eq" value="{aa972147-f66c-e911-a994-000d3a180b20}" />
            <filter type="or">
                <condition attribute="msfsi_financialproductid" operator="in">
                    <value uiname="XXXXXX6101" uitype="msfsi_financialproduct">{dbbe1c5b-4b82-e911-a81b-000d3a1aa92c}</value>
                    <value uiname="XXXXXX5380" uitype="msfsi_financialproduct">{fabe1c5b-4b82-e911-a81b-000d3a1aa92c}</value>
                </condition>
            </filter>
        </filter>
    </entity>
</fetch>
            </fetchxml>
            <IntroducedVersion>1.0</IntroducedVersion>
            <LocalizedNames>
              <LocalizedName description="Betty's Accounts" languagecode="1033" />
            </LocalizedNames>
          </savedquery>
          <savedquery>
            <IsCustomizable>1</IsCustomizable>
            <CanBeDeleted>1</CanBeDeleted>
            <isquickfindquery>0</isquickfindquery>
            <isprivate>0</isprivate>
            <isdefault>0</isdefault>
            <savedqueryid>{d842c409-343e-ea11-a812-000d3a579c97}</savedqueryid>
            <layoutxml>
              <grid name="resultset" jump="msfsi_number" select="1" icon="1" preview="1">
                <row name="result" id="msfsi_financialproductid">
                  <cell name="msfsi_number" width="150" />
                  <cell name="msfsi_initialdeposit" width="100" />
                  <cell name="msfsi_lastpaymentamount" width="100" />
                  <cell name="msfsi_modeofpayment" width="150" />
                </row>
              </grid>
            </layoutxml>
            <querytype>0</querytype>
            <fetchxml>
              <fetch version="1.0" output-format="xml-platform" mapping="logical">
    <entity name="msfsi_financialproduct">
        <attribute name="msfsi_number" />
        
        <attribute name="msfsi_modeofpayment" />
        <attribute name="msfsi_financialproductid" />
        <order attribute="msfsi_number" descending="false" />
        <attribute name="msfsi_initialdeposit" />
        
        <attribute name="msfsi_lastpaymentamount" />
        <filter type="and">
            <condition attribute="msfsi_customerid" operator="eq" value="{aa972147-f66c-e911-a994-000d3a180b20}" />
            <filter type="or">
                <condition attribute="msfsi_financialproductid" operator="in">
                    <value uiname="XXXXXX8067" uitype="msfsi_financialproduct">{42bf1c5b-4b82-e911-a81b-000d3a1aa92c}</value>
                    <value uiname="XXXXXX8436" uitype="msfsi_financialproduct">{12bf1c5b-4b82-e911-a81b-000d3a1aa92c}</value>
                    <value uiname="XXXXXX1740" uitype="msfsi_financialproduct">{e4e49c1a-ed3e-ea11-a812-000d3a579c97}</value>
                </condition>
            </filter>
        </filter>
    </entity>
</fetch>
            </fetchxml>
            <IntroducedVersion>1.0</IntroducedVersion>
            <LocalizedNames>
              <LocalizedName description="Betty's Financial Actions" languagecode="1033" />
            </LocalizedNames>
          </savedquery>
          <savedquery>
            <IsCustomizable>1</IsCustomizable>
            <CanBeDeleted>1</CanBeDeleted>
            <isquickfindquery>0</isquickfindquery>
            <isprivate>0</isprivate>
            <isdefault>0</isdefault>
            <savedqueryid>{67a09bbf-ea3e-ea11-a812-000d3a579c97}</savedqueryid>
            <layoutxml>
              <grid name="resultset" jump="msfsi_number" select="1" icon="1" preview="1">
                <row name="result" id="msfsi_financialproductid">
                  <cell name="msfsi_number" width="150" />
                  <cell name="msfsi_purposeofloan" width="150" />
                  <cell name="msfsi_interestrate" width="150" />
                  <cell name="msfsi_outstandingtotalamount" width="150" />
                </row>
              </grid>
            </layoutxml>
            <querytype>0</querytype>
            <fetchxml>
              <fetch version="1.0" output-format="xml-platform" mapping="logical">
    <entity name="msfsi_financialproduct">
        <attribute name="msfsi_number" />
        <attribute name="msfsi_purposeofloan" />
        <attribute name="msfsi_outstandingtotalamount" />
        <attribute name="msfsi_interestrate" />
        <attribute name="msfsi_financialproductid" />
        <filter type="and">
            <condition attribute="msfsi_customerid" operator="eq" value="{aa972147-f66c-e911-a994-000d3a180b20}" uiname="Betty Welch" uitype="contact" />
            <condition attribute="msfsi_financialproductid" operator="eq" value="{56bf1c5b-4b82-e911-a81b-000d3a1aa92c}" uiname="XXXXXX1923" uitype="msfsi_financialproduct" />
        </filter>
    </entity>
</fetch>
            </fetchxml>
            <IntroducedVersion>1.0</IntroducedVersion>
            <LocalizedNames>
              <LocalizedName description="Betty's Mortgage" languagecode="1033" />
            </LocalizedNames>
          </savedquery>
        </savedqueries>
      </SavedQueries>
      <RibbonDiffXml>
        <CustomActions />
        <Templates>
          <RibbonTemplates Id="Mscrm.Templates"></RibbonTemplates>
        </Templates>
        <CommandDefinitions />
        <RuleDefinitions>
          <TabDisplayRules />
          <DisplayRules />
          <EnableRules />
        </RuleDefinitions>
        <LocLabels />
      </RibbonDiffXml>
    </Entity>
  </Entities>
  <Roles></Roles>
  <Workflows></Workflows>
  <FieldSecurityProfiles></FieldSecurityProfiles>
  <Templates />
  <EntityMaps />
  <EntityRelationships />
  <OrganizationSettings />
  <optionsets />
  <CustomControls />
  <EntityDataProviders />
  <Languages>
    <Language>1033</Language>
    <Language>3082</Language>
  </Languages>
</ImportExportXml>