<ImportExportXml version="9.1.0.15060" SolutionPackageVersion="9.1" languagecode="1033" generatedBy="CrmLive" xmlns:xsi="http://www.w3.org/2001/XMLSchema-instance">
  <SolutionManifest>
    <UniqueName>FinancialServicesAcceleratorPortal</UniqueName>
    <LocalizedNames>
      <LocalizedName description="Financial Services Accelerator Portal" languagecode="1033" />
    </LocalizedNames>
    <Descriptions />
    <Version>1.0.0.0</Version>
    <Managed>1</Managed>
    <Publisher>
      <UniqueName>financialservicesacceleratorportal</UniqueName>
      <LocalizedNames>
        <LocalizedName description="Financial Services Accelerator Portal" languagecode="1033" />
      </LocalizedNames>
      <Descriptions />
      <EMailAddress xsi:nil="true"></EMailAddress>
      <SupportingWebsiteUrl xsi:nil="true"></SupportingWebsiteUrl>
      <CustomizationPrefix>msfsi</CustomizationPrefix>
      <CustomizationOptionValuePrefix>10480</CustomizationOptionValuePrefix>
      <Addresses>
        <Address>
          <AddressNumber>1</AddressNumber>
          <AddressTypeCode>1</AddressTypeCode>
          <City xsi:nil="true"></City>
          <County xsi:nil="true"></County>
          <Country xsi:nil="true"></Country>
          <Fax xsi:nil="true"></Fax>
          <FreightTermsCode xsi:nil="true"></FreightTermsCode>
          <ImportSequenceNumber xsi:nil="true"></ImportSequenceNumber>
          <Latitude xsi:nil="true"></Latitude>
          <Line1 xsi:nil="true"></Line1>
          <Line2 xsi:nil="true"></Line2>
          <Line3 xsi:nil="true"></Line3>
          <Longitude xsi:nil="true"></Longitude>
          <Name xsi:nil="true"></Name>
          <PostalCode xsi:nil="true"></PostalCode>
          <PostOfficeBox xsi:nil="true"></PostOfficeBox>
          <PrimaryContactName xsi:nil="true"></PrimaryContactName>
          <ShippingMethodCode>1</ShippingMethodCode>
          <StateOrProvince xsi:nil="true"></StateOrProvince>
          <Telephone1 xsi:nil="true"></Telephone1>
          <Telephone2 xsi:nil="true"></Telephone2>
          <Telephone3 xsi:nil="true"></Telephone3>
          <TimeZoneRuleVersionNumber xsi:nil="true"></TimeZoneRuleVersionNumber>
          <UPSZone xsi:nil="true"></UPSZone>
          <UTCOffset xsi:nil="true"></UTCOffset>
          <UTCConversionTimeZoneCode xsi:nil="true"></UTCConversionTimeZoneCode>
        </Address>
        <Address>
          <AddressNumber>2</AddressNumber>
          <AddressTypeCode>1</AddressTypeCode>
          <City xsi:nil="true"></City>
          <County xsi:nil="true"></County>
          <Country xsi:nil="true"></Country>
          <Fax xsi:nil="true"></Fax>
          <FreightTermsCode xsi:nil="true"></FreightTermsCode>
          <ImportSequenceNumber xsi:nil="true"></ImportSequenceNumber>
          <Latitude xsi:nil="true"></Latitude>
          <Line1 xsi:nil="true"></Line1>
          <Line2 xsi:nil="true"></Line2>
          <Line3 xsi:nil="true"></Line3>
          <Longitude xsi:nil="true"></Longitude>
          <Name xsi:nil="true"></Name>
          <PostalCode xsi:nil="true"></PostalCode>
          <PostOfficeBox xsi:nil="true"></PostOfficeBox>
          <PrimaryContactName xsi:nil="true"></PrimaryContactName>
          <ShippingMethodCode>1</ShippingMethodCode>
          <StateOrProvince xsi:nil="true"></StateOrProvince>
          <Telephone1 xsi:nil="true"></Telephone1>
          <Telephone2 xsi:nil="true"></Telephone2>
          <Telephone3 xsi:nil="true"></Telephone3>
          <TimeZoneRuleVersionNumber xsi:nil="true"></TimeZoneRuleVersionNumber>
          <UPSZone xsi:nil="true"></UPSZone>
          <UTCOffset xsi:nil="true"></UTCOffset>
          <UTCConversionTimeZoneCode xsi:nil="true"></UTCConversionTimeZoneCode>
        </Address>
      </Addresses>
    </Publisher>
    <RootComponents>
      <RootComponent type="1" schemaName="appointment" behavior="2" />
      <RootComponent type="1" schemaName="msfsi_financialproduct" behavior="2" />
    </RootComponents>
    <MissingDependencies>
      <MissingDependency>
        <Required key="0" type="1" schemaName="msfsi_financialproduct" displayName="Financial Product" solution="FinancialServicesCommonAccelerator (1.0.3.3)" />
        <Dependent key="0" type="1" schemaName="msfsi_financialproduct" displayName="Financial Product" />
      </MissingDependency>
      <MissingDependency>
        <Required key="0" type="1" schemaName="msfsi_financialproduct" displayName="Financial Product" solution="FinancialServicesCommonAccelerator (1.0.3.3)" />
        <Dependent key="1" type="26" schemaName="Betty's Accounts" displayName="Betty's Accounts" parentSchemaName="msfsi_financialproduct" parentDisplayName="Financial Product" id="{6016351a-d13e-ea11-a812-000d3a579c97}" />
      </MissingDependency>
      <MissingDependency>
        <Required key="0" type="1" schemaName="msfsi_financialproduct" displayName="Financial Product" solution="FinancialServicesCommonAccelerator (1.0.3.3)" />
        <Dependent key="2" type="26" schemaName="Betty's Mortgage" displayName="Betty's Mortgage" parentSchemaName="msfsi_financialproduct" parentDisplayName="Financial Product" id="{67a09bbf-ea3e-ea11-a812-000d3a579c97}" />
      </MissingDependency>
      <MissingDependency>
        <Required key="0" type="1" schemaName="msfsi_financialproduct" displayName="Financial Product" solution="FinancialServicesCommonAccelerator (1.0.3.3)" />
        <Dependent key="3" type="26" schemaName="Betty's Financial Actions" displayName="Betty's Financial Actions" parentSchemaName="msfsi_financialproduct" parentDisplayName="Financial Product" id="{d842c409-343e-ea11-a812-000d3a579c97}" />
      </MissingDependency>
      <MissingDependency>
        <Required key="4" type="2" schemaName="msfsi_initialdeposit" displayName="Initial Deposit" parentSchemaName="msfsi_financialproduct" parentDisplayName="Financial Product" solution="FinancialServicesCommonAccelerator (1.0.3.3)" />
        <Dependent key="1" type="26" schemaName="Betty's Accounts" displayName="Betty's Accounts" parentSchemaName="msfsi_financialproduct" parentDisplayName="Financial Product" id="{6016351a-d13e-ea11-a812-000d3a579c97}" />
      </MissingDependency>
      <MissingDependency>
        <Required key="5" type="2" schemaName="msfsi_customerid" displayName="Customer" parentSchemaName="msfsi_financialproduct" parentDisplayName="Financial Product" solution="FinancialServicesCommonAccelerator (1.0.3.3)" />
        <Dependent key="1" type="26" schemaName="Betty's Accounts" displayName="Betty's Accounts" parentSchemaName="msfsi_financialproduct" parentDisplayName="Financial Product" id="{6016351a-d13e-ea11-a812-000d3a579c97}" />
      </MissingDependency>
      <MissingDependency>
        <Required key="6" type="2" schemaName="msfsi_number" displayName="Number" parentSchemaName="msfsi_financialproduct" parentDisplayName="Financial Product" solution="FinancialServicesCommonAccelerator (1.0.3.3)" />
        <Dependent key="1" type="26" schemaName="Betty's Accounts" displayName="Betty's Accounts" parentSchemaName="msfsi_financialproduct" parentDisplayName="Financial Product" id="{6016351a-d13e-ea11-a812-000d3a579c97}" />
      </MissingDependency>
      <MissingDependency>
        <Required key="7" type="2" schemaName="msfsi_availablebalance" displayName="Available Balance" parentSchemaName="msfsi_financialproduct" parentDisplayName="Financial Product" solution="FinancialServicesCommonAccelerator (1.0.3.3)" />
        <Dependent key="1" type="26" schemaName="Betty's Accounts" displayName="Betty's Accounts" parentSchemaName="msfsi_financialproduct" parentDisplayName="Financial Product" id="{6016351a-d13e-ea11-a812-000d3a579c97}" />
      </MissingDependency>
      <MissingDependency>
        <Required key="8" type="2" schemaName="msfsi_financialproductid" displayName="Financial Product" parentSchemaName="msfsi_financialproduct" parentDisplayName="Financial Product" solution="FinancialServicesCommonAccelerator (1.0.3.3)" />
        <Dependent key="1" type="26" schemaName="Betty's Accounts" displayName="Betty's Accounts" parentSchemaName="msfsi_financialproduct" parentDisplayName="Financial Product" id="{6016351a-d13e-ea11-a812-000d3a579c97}" />
      </MissingDependency>
      <MissingDependency>
        <Required key="6" type="2" schemaName="msfsi_number" displayName="Number" parentSchemaName="msfsi_financialproduct" parentDisplayName="Financial Product" solution="FinancialServicesCommonAccelerator (1.0.3.3)" />
        <Dependent key="2" type="26" schemaName="Betty's Mortgage" displayName="Betty's Mortgage" parentSchemaName="msfsi_financialproduct" parentDisplayName="Financial Product" id="{67a09bbf-ea3e-ea11-a812-000d3a579c97}" />
      </MissingDependency>
      <MissingDependency>
        <Required key="9" type="2" schemaName="msfsi_interestrate" displayName="Interest Rate" parentSchemaName="msfsi_financialproduct" parentDisplayName="Financial Product" solution="FinancialServicesCommonAccelerator (1.0.3.3)" />
        <Dependent key="2" type="26" schemaName="Betty's Mortgage" displayName="Betty's Mortgage" parentSchemaName="msfsi_financialproduct" parentDisplayName="Financial Product" id="{67a09bbf-ea3e-ea11-a812-000d3a579c97}" />
      </MissingDependency>
      <MissingDependency>
        <Required key="10" type="2" schemaName="msfsi_purposeofloan" displayName="Purpose of Loan" parentSchemaName="msfsi_financialproduct" parentDisplayName="Financial Product" solution="FinancialServicesCommonAccelerator (1.0.3.3)" />
        <Dependent key="2" type="26" schemaName="Betty's Mortgage" displayName="Betty's Mortgage" parentSchemaName="msfsi_financialproduct" parentDisplayName="Financial Product" id="{67a09bbf-ea3e-ea11-a812-000d3a579c97}" />
      </MissingDependency>
      <MissingDependency>
        <Required key="5" type="2" schemaName="msfsi_customerid" displayName="Customer" parentSchemaName="msfsi_financialproduct" parentDisplayName="Financial Product" solution="FinancialServicesCommonAccelerator (1.0.3.3)" />
        <Dependent key="2" type="26" schemaName="Betty's Mortgage" displayName="Betty's Mortgage" parentSchemaName="msfsi_financialproduct" parentDisplayName="Financial Product" id="{67a09bbf-ea3e-ea11-a812-000d3a579c97}" />
      </MissingDependency>
      <MissingDependency>
        <Required key="8" type="2" schemaName="msfsi_financialproductid" displayName="Financial Product" parentSchemaName="msfsi_financialproduct" parentDisplayName="Financial Product" solution="FinancialServicesCommonAccelerator (1.0.3.3)" />
        <Dependent key="2" type="26" schemaName="Betty's Mortgage" displayName="Betty's Mortgage" parentSchemaName="msfsi_financialproduct" parentDisplayName="Financial Product" id="{67a09bbf-ea3e-ea11-a812-000d3a579c97}" />
      </MissingDependency>
      <MissingDependency>
        <Required key="11" type="2" schemaName="msfsi_outstandingtotalamount" displayName="Outstanding Total Amount" parentSchemaName="msfsi_financialproduct" parentDisplayName="Financial Product" solution="FinancialServicesCommonAccelerator (1.0.3.3)" />
        <Dependent key="2" type="26" schemaName="Betty's Mortgage" displayName="Betty's Mortgage" parentSchemaName="msfsi_financialproduct" parentDisplayName="Financial Product" id="{67a09bbf-ea3e-ea11-a812-000d3a579c97}" />
      </MissingDependency>
      <MissingDependency>
        <Required key="12" type="2" schemaName="msfsi_modeofpayment" displayName="Mode of Payment" parentSchemaName="msfsi_financialproduct" parentDisplayName="Financial Product" solution="FinancialServicesCommonAccelerator (1.0.3.3)" />
        <Dependent key="3" type="26" schemaName="Betty's Financial Actions" displayName="Betty's Financial Actions" parentSchemaName="msfsi_financialproduct" parentDisplayName="Financial Product" id="{d842c409-343e-ea11-a812-000d3a579c97}" />
      </MissingDependency>
      <MissingDependency>
        <Required key="5" type="2" schemaName="msfsi_customerid" displayName="Customer" parentSchemaName="msfsi_financialproduct" parentDisplayName="Financial Product" solution="FinancialServicesCommonAccelerator (1.0.3.3)" />
        <Dependent key="3" type="26" schemaName="Betty's Financial Actions" displayName="Betty's Financial Actions" parentSchemaName="msfsi_financialproduct" parentDisplayName="Financial Product" id="{d842c409-343e-ea11-a812-000d3a579c97}" />
      </MissingDependency>
      <MissingDependency>
        <Required key="6" type="2" schemaName="msfsi_number" displayName="Number" parentSchemaName="msfsi_financialproduct" parentDisplayName="Financial Product" solution="FinancialServicesCommonAccelerator (1.0.3.3)" />
        <Dependent key="3" type="26" schemaName="Betty's Financial Actions" displayName="Betty's Financial Actions" parentSchemaName="msfsi_financialproduct" parentDisplayName="Financial Product" id="{d842c409-343e-ea11-a812-000d3a579c97}" />
      </MissingDependency>
      <MissingDependency>
        <Required key="13" type="2" schemaName="msfsi_lastpaymentamount" displayName="Last Payment Amount" parentSchemaName="msfsi_financialproduct" parentDisplayName="Financial Product" solution="FinancialServicesCommonAccelerator (1.0.3.3)" />
        <Dependent key="3" type="26" schemaName="Betty's Financial Actions" displayName="Betty's Financial Actions" parentSchemaName="msfsi_financialproduct" parentDisplayName="Financial Product" id="{d842c409-343e-ea11-a812-000d3a579c97}" />
      </MissingDependency>
      <MissingDependency>
        <Required key="8" type="2" schemaName="msfsi_financialproductid" displayName="Financial Product" parentSchemaName="msfsi_financialproduct" parentDisplayName="Financial Product" solution="FinancialServicesCommonAccelerator (1.0.3.3)" />
        <Dependent key="3" type="26" schemaName="Betty's Financial Actions" displayName="Betty's Financial Actions" parentSchemaName="msfsi_financialproduct" parentDisplayName="Financial Product" id="{d842c409-343e-ea11-a812-000d3a579c97}" />
      </MissingDependency>
      <MissingDependency>
        <Required key="4" type="2" schemaName="msfsi_initialdeposit" displayName="Initial Deposit" parentSchemaName="msfsi_financialproduct" parentDisplayName="Financial Product" solution="FinancialServicesCommonAccelerator (1.0.3.3)" />
        <Dependent key="3" type="26" schemaName="Betty's Financial Actions" displayName="Betty's Financial Actions" parentSchemaName="msfsi_financialproduct" parentDisplayName="Financial Product" id="{d842c409-343e-ea11-a812-000d3a579c97}" />
      </MissingDependency>
    </MissingDependencies>
  </SolutionManifest>
</ImportExportXml>